{
  "train_loss": [
    1.6412915815541773,
    1.1626514563163897,
    1.0222885268628403,
    0.9347051591203924,
    0.8673737547163688,
    0.8132526369510028,
    0.7296818277137166,
    0.7112391396262879,
    0.6307450162659534,
    0.6241285454305137,
    0.586697253025221,
    0.5719517041832848,
    0.5717825932964402,
    0.5765745844292595,
    0.5581626137639889,
    0.5454108387406109,
    0.518241008200221,
    0.5179252405302953,
    0.5076873742426425,
    0.5102886255101928,
    0.5116828095223549,
    0.48884596175540185,
    0.48941653622211456,
    0.4912454336784814,
    0.4887377723925605,
    0.4875774055893658,
    0.4902638375100724,
    0.484705954886939,
    0.4844506545605948,
    0.4797366617018716
  ],
  "train_acc": [
    0.43209876543209874,
    0.6426250812215725,
    0.7160493827160493,
    0.7719298245614035,
    0.8005198180636777,
    0.8310591293047433,
    0.8817413905133203,
    0.8921377517868746,
    0.9369720597790773,
    0.9363222871994802,
    0.9590643274853801,
    0.9649122807017544,
    0.9636127355425601,
    0.9590643274853801,
    0.9701104613385315,
    0.9759584145549057,
    0.9935022742040286,
    0.9876543209876543,
    0.99090318388564,
    0.9922027290448343,
    0.9889538661468485,
    0.9980506822612085,
    0.9922027290448343,
    0.9948018193632229,
    0.9948018193632229,
    0.9961013645224172,
    0.9935022742040286,
    0.9974009096816114,
    0.9987004548408057,
    0.9967511371020142
  ],
  "val_loss": [
    1.4019884952279025,
    1.277674817145641,
    1.3051103504437194,
    1.257591776145521,
    1.4564828937367875,
    1.333967119378329,
    1.2742996200418595,
    1.3496081881436883,
    1.2391795841760413,
    1.163474269307553,
    1.2040952502603062,
    1.1382467945416768,
    1.129665203180732,
    1.1323817928324067,
    1.1273856954673156,
    1.0973325966248524,
    1.0861064574515173,
    1.066934503942189,
    1.1090102494533056,
    1.0902615332788275,
    1.0664253955663636,
    1.0565913347310798,
    1.042565618759594,
    1.0740576773804904,
    1.0628828430976671,
    1.0659300054998668,
    1.071543123601943,
    1.057591305068605,
    1.0633209342334313,
    1.047401551282375
  ],
  "val_acc": [
    0.5684754521963824,
    0.6149870801033591,
    0.6046511627906976,
    0.6511627906976745,
    0.58656330749354,
    0.6098191214470284,
    0.6459948320413437,
    0.6149870801033591,
    0.6356589147286822,
    0.6640826873385013,
    0.6511627906976745,
    0.6847545219638242,
    0.6873385012919897,
    0.7002583979328165,
    0.6640826873385013,
    0.6976744186046512,
    0.7131782945736435,
    0.7157622739018088,
    0.7028423772609819,
    0.7183462532299741,
    0.7131782945736435,
    0.7028423772609819,
    0.6976744186046512,
    0.7054263565891473,
    0.6925064599483204,
    0.6950904392764858,
    0.6847545219638242,
    0.6976744186046512,
    0.6950904392764858,
    0.7080103359173127
  ]
}